aeroporto,grau,ordem_ego,tamanho_ego,densidade_ego
BEL,3,4,5,0.833333
BSB,6,7,8,0.380952
CGH,1,2,1,1.0
CNF,2,3,2,0.666667
CWB,2,3,2,0.666667
FLN,2,3,2,0.666667
FOR,4,5,5,0.5
GIG,4,5,4,0.4
GRU,4,5,4,0.4
GYN,1,2,1,1.0
JPA,2,3,2,0.666667
MAO,3,4,4,0.666667
NAT,2,3,2,0.666667
POA,1,2,1,1.0
PVH,2,3,2,0.666667
RBR,1,2,1,1.0
REC,2,3,2,0.666667
SSA,2,3,2,0.666667
THE,1,2,1,1.0
VIX,1,2,1,1.0
